{"cameraMode":{"drawMode":0,"name":"Shaded","section":"Shading Mode"},"sceneLighting":true,"audioPlay":false,"sceneViewState":{"showFog":true,"showMaterialUpdate":false,"showSkybox":true,"showFlares":true,"showImageEffects":true,"showParticleSystems":true},"in2DMode":false,"pivot":{"x":-2.4943370819091799,"y":-0.14182376861572267,"z":-1.0222115516662598},"rotation":{"x":-0.049192287027835849,"y":0.9182474613189697,"z":-0.12080555409193039,"w":-0.3739118278026581},"size":11.458063125610352,"orthographic":false}